,Average,Split_1,Split_2,Split_3,Split_4,Split_5,Test-Data,wasserstein_radi,NORM,kappa
DRSVM_withoutSupport,1.0,1.0,1.0,1.0,1.0,1.0,0.9915254237288136,0.1,two,0.5
RegularisedSVM_withoutSupport,0.9958333333333333,1.0,1.0,1.0,1.0,0.9791666666666667,1.0,0.1,two,0.5
Classical_SVM,0.9833333333333334,0.9791666666666667,0.9583333333333333,1.0,1.0,0.9791666666666667,0.9833287024173382,0.1,two,0.5
